"type_school","school_accreditation","gender","interest","residence","parent_age","parent_salary","house_area","average_grades","parent_was_in_college","will_go_to_college"
"1","1","0","2","1",56,0.661111111111111,0.63,"B","0","0"
"1","1","0","2","1",57,0.378888888888889,0.568,"+B","0","0"
"1","0","1","4","1",50,0.611111111111111,0.606,"+B","0","0"
"0","0","0","4","0",49,0.622222222222222,0.582,"B","1","0"
"1","1","1","4","1",57,0.472222222222222,0.551,"+B","0","1"
"0","0","1","2","0",48,0.307777777777778,0.453,"+B","1","1"
"1","1","0","4","0",52,0.631111111111111,0.655,"A","1","0"
"1","0","0","4","0",53,0.543333333333333,0.633,"B","1","1"
"1","0","1","0","0",52,0.636666666666667,0.603,"+B","1","0"
"1","0","1","4","0",47,0.32,0.48,"+B","1","1"
"0","1","0","1","0",57,0.52,0.471,"+B","1","1"
"0","0","0","0","0",48,0.55,0.407,"B","1","1"
"0","0","0","0","0",47,0.658888888888889,0.454,"+B","1","1"
"1","0","0","4","0",53,0.681111111111111,0.685,"A","1","0"
"1","1","0","4","1",51,0.263333333333333,0.471,"B","0","1"
"0","1","1","2","1",53,0.66,0.301,"+B","1","0"
"1","0","0","4","0",48,0.33,0.435,"+B","1","1"
"0","0","1","4","0",49,0.643333333333333,0.559,"+B","1","1"
"0","1","1","2","0",47,0.686666666666667,0.483,"B","0","1"
"0","0","1","4","0",47,0.343333333333333,0.345,"+B","1","1"
"0","0","1","4","1",52,0.631111111111111,0.445,"+B","1","0"
"1","0","1","3","1",56,0.177777777777778,0.575,"+B","1","1"
"1","1","1","4","1",51,0.322222222222222,0.379,"B","0","1"
"1","0","1","3","1",60,0.361111111111111,0.381,"B","0","1"
"1","0","0","4","1",54,0.6,0.638,"+B","0","0"
"0","1","0","1","1",51,0.528888888888889,0.515,"B","0","0"
"0","0","0","4","0",55,0.438888888888889,0.746,"+B","1","1"
"0","1","0","0","1",53,0.413333333333333,0.585,"B","0","0"
"0","0","0","1","0",51,0.432222222222222,0.7,"+B","1","1"
"0","0","1","0","0",50,0.605555555555556,0.584,"+B","1","1"
"0","1","0","4","0",49,0.607777777777778,0.546,"+B","1","0"
"0","0","0","2","1",54,0.453333333333333,0.207,"B","1","1"
"1","1","0","4","1",60,0.247777777777778,0.596,"+B","0","1"
"1","0","0","2","0",52,0.57,0.561,"B","1","1"
"0","1","1","4","0",52,0.522222222222222,0.828,"+B","1","0"
"1","1","1","4","1",53,0.544444444444444,0.597,"+B","0","0"
"1","1","0","0","1",55,0.623333333333333,0.561,"+B","0","0"
"0","1","1","4","0",48,0.548888888888889,0.424,"B","1","1"
"1","1","0","2","1",54,0.701111111111111,0.346,"B","0","1"
"0","0","1","1","0",53,0.406666666666667,0.602,"+B","1","1"
"1","1","1","1","1",50,0.514444444444444,0.499,"B","0","0"
"1","0","1","2","1",53,0.33,0.456,"+B","1","1"
"0","0","1","4","1",53,0.505555555555556,0.629,"B","1","0"
"0","1","1","4","0",52,0.631111111111111,0.692,"+B","1","0"
"0","1","1","4","1",50,0.507777777777778,0.558,"B","0","0"
"1","1","0","0","1",50,0.184444444444444,0.446,"+C","1","1"
"1","1","1","0","0",51,0.413333333333333,0.372,"B","1","1"
"0","1","0","4","1",55,0.415555555555556,0.771,"A","0","0"
"1","1","1","0","0",54,0.695555555555556,0.571,"+B","1","0"
"0","1","0","0","0",53,0.507777777777778,0.597,"+B","0","1"
"0","1","0","4","0",46,0.717777777777778,0.697,"A","1","0"
"0","1","0","2","1",56,0.567777777777778,0.416,"+B","0","0"
"0","0","1","0","0",51,0.547777777777778,0.598,"A","1","0"
"1","0","1","2","1",51,0.316666666666667,0.372,"B","0","1"
"0","0","0","0","0",51,0.615555555555556,0.671,"+B","1","1"
"0","1","0","4","1",55,0.431111111111111,0.682,"A","0","0"
"0","1","0","0","0",55,0.398888888888889,0.55,"A","1","0"
"0","1","0","0","0",47,0.598888888888889,0.503,"B","1","1"
"1","1","1","3","1",46,0.734444444444444,0.398,"B","0","1"
"1","1","0","4","1",55,0.306666666666667,0.671,"A","1","0"
"1","1","1","1","0",49,0.58,0.64,"B","1","0"
"1","0","0","2","0",49,0.578888888888889,0.623,"B","0","1"
"0","1","0","1","1",51,0.422222222222222,0.462,"+C","0","0"
"0","1","1","4","0",48,0.537777777777778,0.597,"+B","1","1"
"1","1","0","3","1",55,0.512222222222222,0.624,"B","0","1"
"0","1","0","2","1",54,0.513333333333333,0.486,"+B","0","0"
"0","0","0","0","0",52,0.588888888888889,0.578,"+B","1","1"
"1","1","0","4","1",52,0.415555555555556,0.309,"B","0","1"
"0","1","0","1","0",51,0.524444444444444,0.641,"+B","1","0"
"0","1","1","4","0",53,0.577777777777778,0.612,"+B","1","0"
"1","1","1","4","1",53,0.507777777777778,0.735,"+B","0","0"
"0","0","0","0","0",49,0.633333333333333,0.589,"+B","1","1"
"1","0","1","4","0",47,0.344444444444444,0.406,"B","1","1"
"1","1","1","2","1",57,0.244444444444444,0.548,"B","0","1"
"0","0","0","1","0",54,0.73,0.546,"A","1","0"
"0","0","1","3","1",55,0.355555555555556,0.312,"B","0","1"
"1","0","0","0","1",57,0.388888888888889,0.307,"B","0","0"
"0","1","0","4","0",54,0.527777777777778,0.741,"+B","0","0"
"1","0","0","0","0",50,0.821111111111111,0.614,"+B","1","0"
"1","1","0","4","1",52,0.616666666666667,0.594,"A","0","0"
"1","0","1","4","1",54,0.414444444444444,0.684,"B","0","1"
"0","0","0","0","0",50,0.504444444444444,0.668,"+B","1","1"
"1","0","0","2","1",58,0.447777777777778,0.499,"B","0","0"
"0","1","0","0","1",52,0.546666666666667,0.56,"+B","0","0"
"1","1","1","3","1",56,0.332222222222222,0.41,"B","0","1"
"0","0","1","3","1",56,0.475555555555556,0.36,"+B","0","1"
"0","1","0","2","1",55,0.565555555555556,0.553,"+B","1","0"
"0","1","0","2","1",51,0.671111111111111,0.376,"+B","1","0"
"0","1","1","4","1",52,0.491111111111111,0.634,"B","0","0"
"0","1","0","4","1",53,0.501111111111111,0.564,"B","0","0"
"1","1","1","2","1",55,0.415555555555556,0.45,"+B","0","1"
"0","0","0","3","1",54,0.248888888888889,0.345,"B","0","1"
"0","1","0","3","1",60,0.627777777777778,0.767,"A","0","0"
"1","0","0","2","1",52,0.341111111111111,0.38,"+B","1","1"
"0","0","0","4","0",41,0.901111111111111,0.592,"A","1","0"
"1","0","1","4","0",49,0.72,0.641,"+B","1","0"
"0","1","0","0","0",48,0.526666666666667,0.452,"B","0","1"
"0","1","1","4","1",54,0.557777777777778,0.643,"+B","1","0"
"1","0","1","4","0",51,0.606666666666667,0.672,"B","1","0"
"0","1","0","0","0",52,0.512222222222222,0.842,"B","0","0"
"1","1","1","0","1",52,0.28,0.492,"B","0","1"
"1","1","0","4","1",55,0.233333333333333,0.625,"B","0","1"
"0","1","0","0","0",52,0.507777777777778,0.769,"+B","0","0"
"1","1","1","2","0",51,0.45,0.547,"B","0","1"
"1","1","1","4","1",52,0.492222222222222,0.615,"A","0","0"
"0","1","1","0","0",53,0.417777777777778,0.628,"+B","1","1"
"0","1","1","4","0",49,0.596666666666667,0.779,"+B","1","0"
"1","0","0","4","0",54,0.537777777777778,0.667,"+B","1","0"
"1","1","0","2","1",59,0.374444444444444,0.534,"B","0","1"
"1","1","0","3","1",57,0.565555555555556,0.14,"B","0","1"
"0","1","0","0","0",51,0.466666666666667,0.547,"+B","1","1"
"1","0","1","2","1",52,0.217777777777778,0.594,"+B","1","1"
"1","0","0","2","0",52,0.795555555555556,0.559,"A","1","0"
"0","0","1","3","1",52,0.393333333333333,0.259,"B","1","1"
"1","0","1","4","0",49,0.754444444444444,0.602,"+B","1","0"
"0","1","0","2","0",43,0.723333333333333,0.405,"B","0","1"
"0","1","0","0","0",50,0.558888888888889,0.559,"+B","0","1"
"1","1","0","4","0",53,0.362222222222222,0.562,"+B","0","1"
"0","0","1","2","1",60,0.413333333333333,0.576,"B","0","0"
"0","0","0","1","0",55,0.213333333333333,0.625,"+B","1","1"
"0","0","1","3","1",49,0.35,0.261,"B","1","1"
"1","0","0","0","0",48,0.744444444444444,0.47,"+B","1","0"
"1","0","1","4","0",52,0.634444444444444,0.578,"+B","1","0"
"0","0","1","1","0",46,0.627777777777778,0.577,"B","1","0"
"1","0","1","2","1",56,0.665555555555556,0.475,"+B","1","0"
"1","1","1","2","1",54,0.47,0.298,"B","0","1"
"1","0","0","1","0",46,0.688888888888889,0.56,"A","1","0"
"1","0","0","2","1",50,0.27,0.391,"B","0","1"
"0","0","0","1","0",50,0.427777777777778,0.516,"A","1","0"
"1","0","0","2","1",53,0.278888888888889,0.505,"+B","1","1"
"0","0","1","4","0",55,0.516666666666667,0.53,"B","0","1"
"1","1","1","0","0",46,0.197777777777778,0.42,"+C","1","1"
"0","0","0","0","0",53,0.597777777777778,0.696,"+B","1","0"
"0","0","0","3","0",50,0.452222222222222,0.293,"+B","1","1"
"1","0","1","0","0",50,0.378888888888889,0.706,"+A","1","0"
"0","0","0","0","0",49,0.354444444444444,0.672,"B","1","1"
"1","0","1","4","1",53,0.436666666666667,0.691,"A","1","0"
"1","1","1","4","1",49,0.344444444444444,0.384,"B","0","1"
"1","1","1","2","1",53,0.39,0.326,"B","0","1"
"1","1","0","3","1",53,0.257777777777778,0.434,"B","0","1"
"0","1","0","4","0",54,0.543333333333333,0.656,"+B","0","0"
"1","1","1","3","1",58,0.438888888888889,0.304,"B","0","1"
"0","1","0","2","0",48,0.791111111111111,0.488,"B","0","1"
"1","1","1","0","0",47,0.595555555555556,0.645,"B","1","0"
"0","0","1","0","0",53,0.331111111111111,0.605,"B","1","1"
"1","0","0","4","0",50,0.606666666666667,0.593,"+B","1","0"
"0","1","1","0","0",49,0.523333333333333,0.543,"B","1","0"
"1","0","1","2","1",56,0.518888888888889,0.553,"B","0","1"
"0","0","1","0","0",42,0.786666666666667,0.63,"+B","1","0"
"1","0","1","2","1",49,0.426666666666667,0.349,"+B","1","1"
"1","0","1","0","0",48,0.446666666666667,0.68,"A","1","0"
"0","0","1","0","0",46,0.675555555555556,0.263,"B","1","0"
"1","0","1","4","1",58,0.487777777777778,0.549,"+B","0","0"
"1","0","1","0","0",52,0.432222222222222,0.891,"B","1","0"
"0","0","0","0","0",55,0.29,0.59,"B","1","1"
"0","1","1","4","0",49,0.638888888888889,0.574,"+B","1","0"
"0","1","0","0","1",56,0.33,0.647,"+B","0","1"
"0","0","1","0","0",52,0.35,0.583,"B","1","1"
"1","1","1","2","1",55,0.662222222222222,0.585,"B","0","1"
"0","0","1","3","1",54,0.297777777777778,0.317,"+B","1","1"
"0","0","0","0","0",54,0.404444444444444,0.643,"A","1","0"
"1","0","0","4","1",52,0.638888888888889,0.701,"+B","0","0"
"1","1","0","2","1",54,0.294444444444444,0.564,"+B","0","1"
"1","1","1","4","1",56,0.3,0.527,"+B","0","1"
"1","0","0","1","0",49,0.73,0.423,"+B","1","0"
"1","0","0","0","1",53,0.573333333333333,0.608,"A","1","0"
"0","0","1","0","0",54,0.426666666666667,0.646,"+B","1","1"
"1","1","1","4","1",59,0.212222222222222,0.596,"+B","0","1"
"0","1","1","2","0",49,0.546666666666667,0.802,"B","1","0"
"1","0","1","2","1",50,0.262222222222222,0.435,"B","1","1"
"0","1","0","0","1",55,0.512222222222222,0.45,"+B","0","0"
"1","0","1","1","0",50,0.81,0.474,"+B","1","0"
"1","1","0","4","1",60,0.0922222222222222,0.559,"B","0","1"
"0","0","0","2","0",50,0.631111111111111,0.679,"+B","1","0"
"1","1","0","2","1",53,0.353333333333333,0.493,"B","0","1"
"1","0","0","4","0",49,0.307777777777778,0.467,"+B","1","1"
"0","1","0","4","0",52,0.571111111111111,0.663,"+B","0","0"
"1","0","1","0","0",52,0.482222222222222,0.652,"+A","1","0"
"1","1","1","2","1",51,0.413333333333333,0.845,"+B","0","0"
"0","1","0","0","0",52,0.524444444444444,0.35,"+B","1","1"
"1","1","1","2","1",53,0.478888888888889,0.523,"B","0","1"
"1","1","0","4","1",51,0.714444444444444,0.543,"+B","0","0"
"0","0","0","0","0",55,0.425555555555556,0.633,"+B","1","1"
"1","0","1","0","0",50,0.521111111111111,0.552,"A","1","0"
"1","1","1","2","0",44,0.49,0.166,"B","0","1"
"0","0","1","0","0",54,0.498888888888889,0.613,"A","1","0"
"0","1","0","1","1",55,0.295555555555556,0.575,"+C","0","0"
"1","1","1","2","1",53,0.456666666666667,0.482,"B","0","1"
"0","0","0","4","1",53,0.521111111111111,0.464,"+B","1","0"
"1","0","1","4","0",54,0.573333333333333,1,"+B","1","0"
"1","0","1","2","0",54,0.394444444444444,0.458,"B","1","1"
"0","0","1","0","0",47,0.57,0.615,"B","1","1"
"0","1","0","0","0",52,0.513333333333333,0.549,"+B","0","1"
"1","0","0","4","1",55,0.472222222222222,0.607,"B","0","1"
"0","0","1","0","0",54,0.3,0.796,"B","1","1"
"1","1","0","3","1",55,0.457777777777778,0.297,"+B","0","1"
"0","1","0","4","0",47,0.577777777777778,0.553,"B","1","0"
"0","0","1","1","0",53,0.371111111111111,0.675,"+B","1","1"
"1","0","0","0","0",55,0.503333333333333,0.925,"+B","1","0"
"1","0","0","3","1",53,0.344444444444444,0.34,"B","0","1"
"0","1","0","0","1",56,0.508888888888889,0.452,"+B","0","0"
"1","1","1","2","1",58,0.485555555555556,0.523,"B","0","1"
"1","0","1","4","0",54,0.532222222222222,0.749,"+B","1","0"
"1","1","0","3","1",56,0.475555555555556,0.456,"+B","0","1"
"1","1","0","4","1",51,0.382222222222222,0.393,"B","0","1"
"1","1","0","0","1",54,0.437777777777778,0.801,"B","0","0"
"1","1","0","2","1",59,0.302222222222222,0.407,"B","0","1"
"0","0","1","4","0",46,0.546666666666667,0.703,"B","1","1"
"1","1","0","4","1",53,0.426666666666667,0.677,"+B","0","0"
"0","1","1","4","0",50,0.496666666666667,0.472,"B","0","1"
"0","0","0","2","0",48,0.737777777777778,0.442,"+B","1","0"
"0","0","0","0","0",49,0.534444444444444,0.695,"+B","1","1"
"0","0","0","0","0",48,0.586666666666667,0.524,"+B","1","1"
"0","1","1","4","1",54,0.556666666666667,0.601,"+B","0","0"
"0","1","1","0","1",56,0.361111111111111,0.559,"B","0","1"
"1","1","1","4","1",52,0.48,0.457,"+B","0","0"
"1","1","0","2","1",54,0.695555555555556,0.728,"+B","0","0"
"1","0","0","4","1",51,0.441111111111111,0.678,"+B","1","0"
"0","0","1","1","0",50,0.223333333333333,0.567,"B","1","1"
"1","1","1","4","1",52,0.78,0.485,"B","0","0"
"1","0","1","0","1",64,0.317777777777778,0.661,"+B","0","0"
"1","1","1","4","1",52,0.553333333333333,0.52,"+B","0","0"
"1","1","0","4","1",57,0.615555555555556,0.401,"+B","0","1"
"0","0","1","0","1",50,0.727777777777778,0.556,"+B","0","0"
"0","1","1","0","1",53,0.37,0.433,"A","0","0"
"1","0","0","0","1",51,0.352222222222222,0.638,"A","1","0"
"1","0","1","0","1",53,0.525555555555556,0.665,"B","1","0"
"1","0","0","0","1",48,0.565555555555556,0.487,"A","1","0"
"1","0","1","4","0",53,0.571111111111111,0.597,"A","1","0"
"0","1","0","0","0",51,0.56,0.519,"+B","1","0"
"0","0","1","0","1",54,0.62,0.462,"+B","1","0"
"0","0","0","1","1",53,0.465555555555556,0.399,"A","1","0"
"1","0","0","0","1",53,0.572222222222222,0.639,"A","1","0"
"1","1","0","0","0",51,0.278888888888889,0.583,"B","1","1"
"1","0","1","0","1",52,0.786666666666667,0.478,"+B","0","0"
"0","0","0","0","1",58,0.393333333333333,0.436,"B","0","1"
"1","0","0","2","1",56,0.395555555555556,0.441,"+B","0","1"
"0","0","1","1","0",52,0.822222222222222,0.561,"A","1","0"
"1","0","1","4","0",52,0.773333333333333,0.682,"A","1","0"
"1","1","0","2","1",57,0.314444444444444,0.693,"B","0","0"
"0","1","1","2","1",55,0.456666666666667,0.793,"+B","0","0"
"0","1","0","3","1",52,0.47,0.134,"B","0","1"
"0","0","1","0","0",50,0.587777777777778,0.713,"+B","1","1"
"1","1","1","2","0",51,0.483333333333333,0.274,"B","1","1"
"1","0","1","4","1",54,0.618888888888889,0.633,"+B","0","0"
"0","1","0","4","1",53,0.601111111111111,0.548,"+B","0","0"
"1","0","1","0","0",48,0.638888888888889,0.71,"+B","1","0"
"1","0","0","0","1",52,0.577777777777778,0.478,"+B","1","0"
"1","0","0","0","0",50,0.201111111111111,0.605,"+B","1","1"
"0","0","0","2","1",56,0.505555555555556,0.713,"+B","0","0"
"0","1","1","2","1",61,0.358888888888889,0.615,"B","0","0"
"0","0","0","3","1",50,0.351111111111111,0.275,"B","1","1"
"1","0","0","0","0",50,0.764444444444444,0.73,"+A","1","0"
"1","0","1","4","1",56,0.563333333333333,0.513,"+B","0","0"
"1","1","0","1","0",49,0.177777777777778,0.808,"+B","1","1"
"1","0","1","2","1",46,0.192222222222222,0.424,"B","1","1"
"1","1","0","3","1",52,0.435555555555556,0.218,"B","0","1"
"0","0","1","2","0",54,0.573333333333333,0.835,"+B","1","0"
"0","1","1","0","0",43,0.676666666666667,0.395,"B","1","1"
"1","0","0","4","1",54,0.562222222222222,0.663,"+B","1","0"
"0","1","0","4","1",58,0.378888888888889,0.607,"+B","0","0"
"1","1","0","2","1",53,0.26,0.661,"A","0","0"
"0","0","0","0","0",48,0.475555555555556,0.588,"B","1","1"
"0","0","1","3","1",50,0.52,0.00399999999999999,"B","1","1"
"1","0","0","2","1",53,0.571111111111111,0.562,"B","0","1"
"1","0","1","0","1",50,0.128888888888889,0.584,"B","1","1"
"1","1","0","2","1",57,0.226666666666667,0.523,"B","0","1"
"1","0","1","1","0",49,0.593333333333333,0.573,"A","1","0"
"0","1","0","4","1",54,0.501111111111111,0.382,"B","0","0"
"0","1","0","0","0",49,0.631111111111111,0.593,"+B","1","0"
"1","1","0","0","0",47,0.226666666666667,0.653,"+B","1","1"
"1","1","1","0","1",52,0.448888888888889,0.455,"+B","1","0"
"1","0","1","0","0",48,0.634444444444444,0.707,"+B","1","0"
"1","1","1","3","1",54,0.485555555555556,0.18,"B","0","1"
"1","0","0","0","0",52,0.451111111111111,0.673,"A","1","0"
"1","0","1","4","0",46,0.308888888888889,0.486,"+B","1","1"
"1","0","1","0","0",50,0.692222222222222,0.738,"+B","1","0"
"0","0","1","2","1",53,0.578888888888889,0.643,"+B","1","0"
"1","0","1","4","0",49,0.766666666666667,0.558,"A","1","0"
"1","1","1","2","1",56,0.346666666666667,0.47,"+B","0","1"
"0","1","1","0","0",52,0.54,0.489,"+B","1","0"
"1","1","1","2","0",51,0.417777777777778,0.671,"B","0","1"
"1","1","0","2","1",57,0.215555555555556,0.597,"B","0","1"
"1","0","0","2","1",50,0.247777777777778,0.448,"+B","1","1"
"1","0","0","4","1",50,0.637777777777778,0.512,"+B","0","0"
"1","1","0","2","0",53,0.52,0.613,"B","0","1"
"1","0","0","2","1",55,0.0733333333333333,0.721,"+B","0","1"
"1","0","1","2","1",54,0.245555555555556,0.869,"A","0","0"
"1","1","0","2","0",52,0.524444444444444,0.617,"B","0","1"
"1","0","0","4","0",52,0.635555555555556,0.698,"+B","1","0"
"1","1","1","0","1",58,0.451111111111111,0.421,"+B","0","1"
"1","1","1","2","1",52,0.257777777777778,0.446,"B","0","1"
"1","0","0","3","1",60,0.282222222222222,0.447,"B","0","1"
"0","0","0","3","1",52,0.476666666666667,0.217,"+B","0","1"
"1","0","0","4","0",49,0.745555555555556,0.723,"A","1","0"
"0","0","0","0","1",55,0.414444444444444,0.495,"B","0","1"
"0","1","1","0","0",50,0.625555555555556,0.785,"+B","1","0"
"0","0","0","3","1",51,0.335555555555556,0.428,"+B","1","1"
"0","1","1","2","0",44,0.818888888888889,0.453,"B","0","1"
"1","1","1","0","0",53,0.517777777777778,0.569,"+B","0","0"
"1","1","0","4","0",51,0.495555555555556,0.606,"+B","0","1"
"1","1","0","3","1",54,0.518888888888889,0.454,"B","0","1"
"1","1","1","2","1",46,0.442222222222222,0.278,"B","0","1"
"1","0","0","0","0",49,0.656666666666667,0.646,"A","1","0"
"1","1","1","0","1",51,0.505555555555556,0.482,"+B","0","0"
"0","0","1","1","0",49,0.502222222222222,0.453,"+B","1","0"
"1","0","0","0","0",48,0.701111111111111,0.855,"+B","1","0"
"1","1","1","0","0",53,0.487777777777778,0.271,"B","1","1"
"1","1","0","4","0",47,0.537777777777778,0.702,"+B","1","1"
"0","0","1","1","0",55,0.383333333333333,0.574,"B","1","1"
"1","0","1","4","0",48,0.271111111111111,0.383,"B","1","1"
"1","1","1","4","1",53,0.256666666666667,0.466,"B","0","1"
"0","0","1","1","0",53,0.345555555555556,0.532,"+B","1","1"
"1","1","1","4","1",56,0.264444444444444,0.491,"B","0","1"
"0","1","0","2","1",54,0.614444444444444,0.466,"+B","0","0"
"1","0","0","4","1",54,0.346666666666667,0.608,"A","0","0"
"0","0","0","4","0",51,0.478888888888889,0.509,"B","1","1"
"1","1","0","2","1",55,0.431111111111111,0.751,"A","0","0"
"1","0","1","2","1",55,0.531111111111111,0.651,"+B","1","0"
"0","1","1","3","1",47,0.601111111111111,0,"B","0","1"
"0","1","0","4","1",59,0.311111111111111,0.466,"B","0","1"
"1","1","0","3","1",60,0.317777777777778,0.505,"B","0","1"
"1","1","1","4","1",56,0.265555555555556,0.605,"B","0","1"
"1","0","0","2","0",47,0.455555555555556,0.206,"B","1","1"
"0","1","1","0","0",50,0.657777777777778,0.715,"A","1","0"
"1","0","1","4","1",55,0.213333333333333,0.47,"B","1","1"
"1","0","0","2","0",46,0.334444444444444,0.385,"B","1","1"
"1","1","1","4","1",53,0.39,0.467,"+B","0","1"
"0","1","0","2","0",48,0.527777777777778,0.469,"B","0","1"
"1","0","1","4","1",54,0.472222222222222,0.496,"B","1","0"
"0","1","0","4","1",53,0.373333333333333,0.552,"B","0","1"
"0","1","1","4","0",51,0.548888888888889,0.428,"B","0","1"
"1","0","1","2","1",52,0.293333333333333,0.394,"B","1","1"
"0","0","0","3","1",58,0.451111111111111,0.284,"+B","0","1"
"1","0","1","4","1",54,0.506666666666667,0.599,"B","1","0"
"1","1","0","0","0",54,0.85,0.567,"A","1","0"
"1","0","1","2","0",40,0.312222222222222,0.247,"B","1","1"
"0","0","0","0","0",52,0.605555555555556,0.451,"+B","1","1"
"1","1","0","1","0",53,0.534444444444444,0.871,"+B","1","0"
"1","0","1","0","0",50,0.583333333333333,0.599,"A","1","0"
"0","1","1","0","1",52,0.415555555555556,0.56,"+C","0","0"
"1","1","1","2","1",52,0.251111111111111,0.371,"B","0","1"
"1","1","0","2","1",50,0.406666666666667,0.311,"+B","0","1"
"0","1","0","4","0",51,0.46,0.476,"B","0","1"
"0","0","0","0","0",52,0.581111111111111,0.644,"+B","1","1"
"1","0","0","2","1",46,0.311111111111111,0.374,"B","1","1"
"1","0","1","0","0",51,0.514444444444444,0.735,"+B","1","0"
"1","0","1","4","1",55,0.593333333333333,0.716,"A","0","0"
"1","1","0","2","1",51,0.428888888888889,0.343,"B","0","1"
"1","0","1","4","1",54,0.73,0.513,"+B","1","0"
"1","0","1","4","0",51,0.55,0.662,"+B","1","0"
"0","1","1","1","1",52,0.471111111111111,0.402,"A","1","0"
"0","0","1","1","0",52,0.497777777777778,0.361,"A","1","0"
"0","0","1","4","0",43,0.644444444444444,0.562,"B","1","1"
"1","0","0","2","1",55,0.61,0.525,"B","0","1"
"1","1","1","2","1",47,0.4,0.327,"B","1","1"
"1","0","1","4","0",52,0.5,0.777,"+B","1","0"
"1","1","0","4","1",57,0.632222222222222,0.698,"+B","0","0"
"1","0","0","0","0",52,0.454444444444444,0.762,"B","1","0"
"1","0","1","4","0",46,0.274444444444444,0.412,"B","1","1"
"1","1","1","2","1",50,0.648888888888889,0.335,"B","0","1"
"0","0","0","2","0",48,0.404444444444444,0.317,"+B","1","1"
"1","1","1","0","1",50,0.508888888888889,0.424,"+B","0","0"
"0","0","1","0","0",49,0.637777777777778,0.615,"+B","1","1"
"1","1","1","0","0",52,0.605555555555556,0.623,"+B","1","0"
"1","0","1","4","0",43,0.311111111111111,0.285,"+C","1","1"
"0","1","1","4","0",50,0.6,0.613,"+B","0","0"
"1","1","1","2","1",50,0.404444444444444,0.308,"B","0","1"
"1","1","1","2","0",46,0.507777777777778,0.152,"B","0","1"
"1","0","0","1","1",56,0.565555555555556,0.558,"+B","0","0"
"1","0","1","2","1",57,0.23,0.558,"+B","0","1"
"1","1","0","2","1",57,0.263333333333333,0.516,"B","0","1"
"1","0","0","2","1",59,0.463333333333333,0.634,"+B","0","0"
"1","1","1","2","1",54,0.546666666666667,0.682,"B","0","0"
"1","1","0","4","1",51,0.702222222222222,0.576,"+B","0","0"
"1","1","0","2","1",51,0.63,0.516,"+B","0","1"
"1","1","0","0","1",55,0.161111111111111,0.664,"+B","0","1"
"0","0","1","1","0",50,0.415555555555556,0.769,"B","1","1"
"0","0","1","3","1",53,0.485555555555556,0.181,"B","0","1"
"1","1","1","4","1",54,0.398888888888889,0.595,"+B","0","0"
"1","0","0","4","0",51,0.701111111111111,0.708,"A","1","0"
"1","1","1","2","1",53,0.321111111111111,0.367,"B","0","1"
"1","0","1","4","0",50,0.271111111111111,0.564,"+B","1","1"
"1","0","0","1","1",55,0.445555555555556,0.663,"B","0","0"
"1","0","0","2","1",53,0.273333333333333,0.518,"B","1","1"
"1","0","0","4","0",52,0.596666666666667,0.694,"+B","1","0"
"1","0","1","4","1",55,0.53,0.543,"B","0","1"
"1","1","1","1","1",59,0.376666666666667,0.957,"+B","0","0"
"0","1","1","2","0",49,0.655555555555556,0.484,"+B","1","0"
"0","0","0","1","0",55,0.225555555555556,0.834,"+B","1","1"
"1","0","0","0","0",51,0.68,0.859,"+B","1","0"
"1","0","0","4","1",58,0.475555555555556,0.58,"+B","0","0"
"0","1","1","0","1",48,0.541111111111111,0.365,"B","0","1"
"1","0","1","2","1",50,0.282222222222222,0.388,"B","1","1"
"1","0","1","4","0",49,0.26,0.443,"B","1","1"
"1","1","0","3","1",58,0.502222222222222,0.44,"B","0","1"
"0","0","1","4","0",51,0.445555555555556,0.587,"B","0","1"
"0","1","1","0","0",50,0.637777777777778,0.604,"+B","1","0"
"1","1","1","4","1",51,0.497777777777778,0.573,"A","0","0"
"1","1","0","0","0",43,0.351111111111111,0.435,"+B","1","1"
"0","0","0","3","1",53,0.386666666666667,0.325,"B","1","1"
"1","0","1","3","1",56,0.232222222222222,0.494,"B","0","1"
"1","1","0","0","0",50,0.614444444444444,0.801,"+B","1","0"
"1","1","0","3","1",54,0.372222222222222,0.352,"+B","0","1"
"0","1","0","3","0",47,0.82,0.612,"A","1","0"
"0","1","0","4","1",54,0.546666666666667,0.493,"B","0","0"
"0","0","1","2","1",53,0.567777777777778,0.556,"+B","1","0"
"1","0","0","0","0",51,0.53,0.58,"A","1","0"
"1","1","1","4","1",55,0.405555555555556,0.549,"B","0","1"
"1","0","0","3","1",49,0.448888888888889,0.157,"B","0","1"
"1","0","0","4","0",52,0.351111111111111,0.386,"B","1","1"
"0","0","0","4","1",56,0.56,0.556,"+B","1","0"
"1","1","1","2","1",52,0.324444444444444,0.711,"A","0","0"
"1","0","1","2","1",58,0.224444444444444,0.612,"+C","1","1"
"0","1","0","4","1",50,0.534444444444444,0.391,"B","0","1"
"0","1","1","1","0",55,0.37,0.485,"B","0","1"
"0","0","0","1","0",53,0.297777777777778,0.659,"+B","1","1"
"0","0","1","4","0",51,0.604444444444444,0.948,"+B","1","0"
"0","0","1","1","0",53,0.56,0.549,"+B","1","1"
"1","1","0","2","1",53,0.234444444444444,0.531,"B","0","1"
"0","1","0","3","1",50,0.623333333333333,0.424,"+B","1","0"
"0","1","1","0","0",48,0.576666666666667,0.48,"B","1","1"
"1","0","0","4","1",56,0.251111111111111,0.421,"B","0","1"
"0","0","0","0","0",55,0.406666666666667,0.624,"B","1","1"
"0","1","1","2","1",58,0.507777777777778,0.311,"+B","0","0"
"1","1","1","2","1",57,0.38,0.406,"+B","0","1"
"0","0","1","0","0",48,0.575555555555556,0.56,"+B","1","1"
"1","1","0","2","1",56,0.484444444444444,0.663,"B","0","1"
"1","1","0","0","0",55,0.314444444444444,0.575,"+B","1","1"
"1","1","0","3","1",54,0.651111111111111,0.549,"B","0","1"
"1","0","1","0","0",48,0.362222222222222,0.559,"A","1","0"
"1","1","0","2","1",51,0.934444444444444,0.562,"B","0","0"
"1","0","1","2","0",44,0.253333333333333,0.428,"B","1","1"
"1","0","0","3","1",57,0.304444444444444,0.43,"+B","0","1"
"1","0","0","3","1",55,0.34,0.422,"+B","1","1"
"1","1","1","4","1",47,0.326666666666667,0.322,"B","0","1"
"1","1","1","2","1",53,0.632222222222222,0.713,"+B","0","0"
"0","0","1","0","0",47,0.545555555555556,0.797,"+B","1","1"
"1","1","0","2","1",54,0.353333333333333,0.444,"B","0","1"
"1","1","0","4","0",52,0.524444444444444,0.206,"B","1","1"
"0","1","0","0","0",53,0.504444444444444,0.76,"+B","1","0"
"1","0","0","0","0",49,0.587777777777778,0.649,"A","1","0"
"1","1","0","4","1",59,0.0877777777777778,0.705,"B","0","1"
"1","1","1","4","1",57,0.193333333333333,0.698,"B","0","1"
"1","0","0","2","0",54,0.476666666666667,0.693,"B","1","1"
"1","0","1","0","0",47,0.627777777777778,0.744,"+B","1","0"
"1","0","0","1","0",50,0.434444444444444,0.562,"A","1","0"
"0","0","1","0","0",47,0.623333333333333,0.679,"+B","1","1"
"1","0","1","2","1",52,0.343333333333333,0.431,"+B","1","1"
"1","0","0","4","0",53,0.7,0.759,"+B","0","0"
"0","0","0","3","0",51,0.691111111111111,0.623,"+B","1","0"
"0","1","0","4","0",51,0.608888888888889,0.767,"+B","1","0"
"1","0","1","0","0",51,0.448888888888889,0.71,"+A","1","0"
"0","1","0","4","1",53,0.392222222222222,0.47,"B","0","1"
"0","1","0","4","1",49,0.503333333333333,0.371,"B","0","1"
"1","1","1","4","1",53,0.825555555555556,0.61,"B","0","0"
"1","0","0","4","0",52,0.534444444444444,0.678,"+B","1","1"
"1","1","0","3","1",51,0.482222222222222,0.269,"+B","0","1"
"0","1","0","4","1",54,0.531111111111111,0.493,"+B","0","0"
"1","1","1","2","1",52,1,0.676,"B","0","0"
"1","0","0","0","0",51,0.568888888888889,0.59,"+B","1","0"
"1","1","1","3","1",58,0.404444444444444,0.37,"+B","0","1"
"0","1","1","2","1",59,0.411111111111111,0.811,"B","0","0"
"0","1","0","4","0",49,0.62,0.567,"+B","1","1"
"1","1","1","4","1",51,0.702222222222222,0.625,"+B","0","0"
"0","1","0","0","0",50,0.63,0.328,"+B","1","0"
"0","1","0","4","0",50,0.557777777777778,0.744,"+B","1","0"
"1","1","0","4","1",52,0.0855555555555556,0.581,"B","0","1"
"1","1","0","4","1",53,0.684444444444444,0.633,"+B","0","0"
"1","1","1","2","1",51,0.202222222222222,0.446,"B","0","1"
"1","1","1","4","1",53,0.631111111111111,0.446,"+B","0","0"
"0","1","1","2","0",46,0.754444444444444,0.477,"+B","1","0"
"1","1","0","2","1",54,0.808888888888889,0.577,"B","0","0"
"0","0","0","3","1",54,0.497777777777778,0.029,"B","1","1"
"0","1","1","1","0",52,0.441111111111111,0.564,"+B","1","1"
"1","0","1","3","1",52,0.408888888888889,0.208,"B","0","1"
"1","0","1","0","1",52,0.525555555555556,0.57,"+B","1","0"
"0","0","1","0","0",45,0.711111111111111,0.507,"B","1","1"
"1","0","1","2","1",52,0.215555555555556,0.604,"+B","1","1"
"1","1","0","0","0",48,0.341111111111111,0.394,"B","0","1"
"0","0","1","0","0",55,0.427777777777778,0.535,"B","1","1"
"1","0","0","0","0",47,0.681111111111111,0.593,"+B","1","0"
"1","0","1","4","1",48,0.242222222222222,0.395,"B","1","1"
"1","1","1","0","0",49,0.577777777777778,0.548,"+B","1","0"
"1","0","0","2","1",58,0.365555555555556,0.473,"+B","1","1"
"1","0","0","3","1",52,0.272222222222222,0.437,"B","0","1"
"1","1","0","3","1",53,0.345555555555556,0.402,"B","0","1"
"0","0","0","3","1",56,0.393333333333333,0.298,"B","0","1"
"0","0","0","4","0",52,0.578888888888889,0.572,"+B","1","1"
"1","0","0","1","0",51,0.483333333333333,0.651,"B","1","0"
"1","0","1","1","0",48,0.565555555555556,0.544,"+A","1","0"
"1","0","0","0","0",52,0.548888888888889,0.717,"B","1","0"
"1","0","1","4","0",50,0.726666666666667,0.765,"A","1","0"
"1","1","0","4","1",54,0.59,0.403,"+B","0","1"
"1","0","0","4","1",50,0.666666666666667,0.731,"+B","0","0"
"1","0","1","4","0",53,0.63,0.963,"A","1","0"
"1","0","0","1","0",46,0.423333333333333,0.565,"A","1","0"
"1","1","1","2","1",58,0.333333333333333,0.433,"B","0","1"
"0","0","1","0","0",46,0.717777777777778,0.425,"+B","1","1"
"0","0","1","2","0",53,0.635555555555556,0.646,"+B","1","0"
"0","1","1","4","1",54,0.606666666666667,0.398,"+B","0","0"
"1","1","0","4","1",54,0.46,0.654,"+B","0","1"
"0","0","1","2","1",54,0.415555555555556,0.209,"B","1","1"
"1","0","0","0","0",51,0.458888888888889,0.553,"A","1","0"
"1","0","0","0","1",54,0.578888888888889,0.605,"B","1","0"
"0","0","0","3","1",56,0.351111111111111,0.396,"+B","0","1"
"1","1","0","3","1",55,0.382222222222222,0.38,"+B","0","1"
"1","1","0","0","0",48,0.684444444444444,0.51,"+B","1","0"
"1","0","1","2","1",57,0.305555555555556,0.624,"A","0","1"
"1","0","0","4","0",53,0.71,0.743,"A","0","0"
"0","0","0","4","0",47,0.493333333333333,0.47,"B","1","1"
"1","1","0","4","0",48,0.307777777777778,0.457,"B","1","1"
"0","1","1","0","1",51,0.538888888888889,0.483,"B","1","0"
"0","1","1","0","1",58,0.52,0.555,"+B","0","1"
"0","0","0","0","0",55,0.283333333333333,0.593,"A","1","0"
"1","0","1","2","1",54,0.358888888888889,0.377,"B","1","1"
"1","0","1","2","1",56,0.387777777777778,0.404,"B","1","1"
"1","1","1","4","0",48,0.602222222222222,0.493,"B","0","1"
"1","0","0","4","0",45,0.482222222222222,0.205,"B","1","1"
"0","1","0","0","1",55,0.468888888888889,0.435,"B","0","0"
"0","0","0","1","0",52,0.352222222222222,0.704,"B","1","1"
"0","1","0","2","1",59,0.487777777777778,0.433,"+B","0","0"
"1","0","1","2","1",56,0.554444444444444,0.506,"B","0","1"
"1","1","1","4","1",52,0.656666666666667,0.615,"+B","0","0"
"1","0","1","0","0",50,0.621111111111111,0.56,"A","1","0"
"1","0","1","2","1",52,0.198888888888889,0.525,"+B","1","1"
"0","1","1","2","1",54,0.613333333333333,0.648,"+B","1","0"
"0","1","0","0","0",50,0.412222222222222,0.43,"B","0","1"
"0","0","1","0","0",47,0.613333333333333,0.643,"B","1","0"
"1","0","1","4","0",40,0.323333333333333,0.287,"B","1","1"
"0","1","0","4","0",47,0.58,0.544,"B","1","1"
"1","0","0","3","1",55,0.273333333333333,0.446,"+B","0","1"
"1","0","0","4","1",52,0.636666666666667,0.651,"A","0","0"
"1","0","1","2","0",50,0.791111111111111,0.516,"A","1","0"
"1","0","0","2","1",58,0.126666666666667,0.629,"B","1","1"
"0","1","0","4","1",54,0.494444444444444,0.503,"+B","0","0"
"0","0","1","4","0",50,0.552222222222222,0.519,"B","1","1"
"1","0","1","2","0",50,0.738888888888889,0.773,"+B","1","0"
"1","1","0","4","0",46,0.35,0.324,"B","1","1"
"1","0","1","4","0",51,0.538888888888889,0.759,"A","1","0"
"1","0","1","4","0",48,0.36,0.484,"+B","1","1"
"1","1","1","0","0",51,0.537777777777778,0.634,"A","1","0"
"1","1","0","4","1",51,0.524444444444444,0.553,"+B","0","0"
"0","0","0","4","1",54,0.386666666666667,0.77,"B","0","0"
"1","0","1","2","0",49,0.677777777777778,0.615,"B","1","1"
"1","0","1","4","1",52,0.277777777777778,0.469,"+B","1","1"
"0","0","1","0","0",49,0.416666666666667,0.67,"B","1","1"
"0","0","1","1","0",52,0.534444444444444,0.613,"+B","1","1"
"1","1","0","2","1",55,0.23,0.487,"B","0","1"
"0","0","0","0","1",57,0.336666666666667,0.578,"B","1","1"
"0","1","0","1","1",51,0.444444444444444,0.438,"B","0","0"
"0","1","0","2","1",58,0.395555555555556,0.577,"B","0","0"
"1","1","1","2","1",53,0.595555555555556,0.653,"+B","0","0"
"1","0","0","4","1",56,0.545555555555556,0.713,"+B","0","0"
"0","0","1","0","0",53,0.327777777777778,0.559,"B","1","1"
"0","0","0","0","0",48,0.694444444444444,0.575,"+B","1","0"
"1","1","1","4","1",52,0.726666666666667,0.494,"+B","0","0"
"1","1","0","1","0",41,0.224444444444444,0.306,"+C","1","1"
"0","0","1","1","0",52,0.383333333333333,0.51,"B","1","1"
"1","0","0","4","0",50,0.242222222222222,0.524,"+B","1","1"
"0","0","1","1","0",45,0.721111111111111,0.4,"+B","1","0"
"0","1","0","4","1",53,0.504444444444444,0.436,"B","0","1"
"1","1","1","3","1",54,0.436666666666667,0.769,"+B","0","0"
"0","1","0","3","0",46,0.753333333333333,0.948,"A","1","0"
"0","0","0","0","1",53,0.31,0.6,"A","1","0"
"1","0","1","4","0",52,0.713333333333333,0.626,"+B","1","0"
"1","1","1","4","1",54,0.552222222222222,0.543,"+B","0","0"
"1","0","0","0","1",59,0.29,0.652,"+C","0","0"
"1","1","1","4","1",52,0.436666666666667,0.464,"A","0","0"
"1","0","0","4","1",53,0.626666666666667,0.61,"+B","0","0"
"1","1","0","4","1",57,0.59,0.728,"+B","0","0"
"0","1","0","4","0",55,0.564444444444444,0.749,"+B","1","0"
"1","1","0","4","1",56,0.317777777777778,0.486,"B","0","1"
"1","0","1","1","0",50,0.561111111111111,0.861,"B","1","0"
"1","0","1","3","1",51,0.242222222222222,0.43,"B","1","1"
"1","1","1","3","1",56,0.633333333333333,0.782,"+B","0","0"
"0","0","0","3","1",54,0.448888888888889,0.235,"B","0","1"
"1","0","0","0","0",50,0.793333333333333,0.583,"+B","1","0"
"1","0","0","0","0",50,0.255555555555556,0.819,"+A","1","0"
"1","1","0","2","1",53,0.174444444444444,0.8,"A","0","0"
"0","0","0","0","0",52,0.298888888888889,0.647,"B","1","1"
"1","0","0","0","0",52,0.546666666666667,0.794,"+B","1","0"
"1","0","1","2","0",54,0.672222222222222,0.496,"B","0","1"
"1","0","1","4","0",45,0.731111111111111,0.903,"+B","1","0"
"1","0","1","0","0",53,0.613333333333333,0.754,"A","1","0"
"1","0","0","4","1",56,0.211111111111111,0.597,"+B","0","1"
"1","0","1","4","0",52,0.83,0.637,"+B","0","0"
"0","0","1","2","0",52,0.617777777777778,0.699,"+B","1","0"
"1","0","1","0","0",52,0.623333333333333,0.732,"A","1","0"
"1","0","0","2","1",54,0.525555555555556,0.504,"B","1","0"
"0","0","1","0","0",46,0.49,0.699,"B","1","1"
"1","1","1","2","1",55,0.467777777777778,0.411,"B","0","1"
"1","1","1","0","1",54,0.508888888888889,0.607,"A","0","0"
"1","0","0","4","0",54,0.3,0.469,"B","1","1"
"0","1","0","0","1",52,0.475555555555556,0.613,"A","0","0"
"0","0","1","1","0",48,0.536666666666667,0.488,"+A","1","0"
"1","1","1","2","1",55,0.506666666666667,0.705,"+B","0","0"
"1","1","0","4","1",53,0.496666666666667,0.728,"A","0","0"
"0","1","1","4","0",51,0.628888888888889,0.514,"+B","0","0"
"1","1","0","4","1",55,0.582222222222222,0.519,"+B","0","0"
"0","1","0","3","1",55,0.446666666666667,0.25,"+B","0","1"
"1","1","1","2","1",55,0.795555555555556,0.647,"B","0","0"
"1","0","0","4","1",52,0.391111111111111,0.592,"+B","0","0"
"0","1","1","4","1",53,0.491111111111111,0.59,"+B","0","0"
"0","0","1","1","0",54,0.294444444444444,0.516,"+B","1","1"
"1","1","1","4","1",50,0.371111111111111,0.319,"B","0","1"
"1","0","1","4","1",55,0.632222222222222,0.793,"A","0","0"
"1","0","0","0","0",52,0.68,0.578,"A","1","0"
"1","1","0","4","1",53,0.445555555555556,0.298,"+B","0","1"
"1","1","0","2","1",50,0.267777777777778,0.377,"B","0","1"
"1","0","0","3","1",52,0.234444444444444,0.47,"B","0","1"
"0","0","0","0","0",49,0.515555555555556,0.725,"+B","1","1"
"1","0","0","0","0",52,0.705555555555556,0.521,"A","1","0"
"0","1","1","4","0",47,0.633333333333333,0.469,"+B","0","1"
"1","1","0","3","1",59,0.411111111111111,0.756,"+B","0","0"
"1","1","0","0","1",57,0.384444444444444,0.617,"B","0","0"
"1","0","0","4","0",50,0.523333333333333,0.534,"B","1","1"
"0","0","1","1","0",52,0.481111111111111,0.565,"A","1","0"
"1","0","1","3","1",62,0.567777777777778,0.672,"+B","1","0"
"0","1","0","0","1",53,0.575555555555556,0.485,"B","0","1"
"0","0","0","3","0",52,0.731111111111111,0.614,"+B","1","0"
"1","1","1","2","1",52,0.424444444444444,0.512,"B","0","0"
"1","1","1","2","1",55,0.383333333333333,0.587,"B","0","0"
"0","0","1","0","0",45,0.438888888888889,0.67,"B","1","1"
"1","1","0","1","1",56,0.437777777777778,0.485,"B","0","0"
"1","0","0","3","1",58,0.0977777777777778,0.59,"B","0","1"
"1","0","1","4","1",50,0.104444444444444,0.509,"B","1","1"
"1","1","1","4","0",49,0.282222222222222,0.339,"+C","1","1"
"1","0","1","2","1",58,0.24,0.68,"+B","1","1"
"0","1","1","4","1",53,0.522222222222222,0.555,"B","0","0"
"1","0","0","0","0",52,0.628888888888889,0.576,"A","1","0"
"0","1","0","0","0",50,0.448888888888889,0.406,"B","0","1"
"1","1","1","0","1",58,0.242222222222222,0.457,"+B","0","1"
"1","0","1","0","0",51,0.504444444444444,0.859,"A","1","0"
"1","0","1","2","1",54,0.495555555555556,0.562,"B","0","1"
"0","1","1","4","1",56,0.488888888888889,0.719,"+B","0","0"
"0","0","1","2","0",52,0.725555555555556,0.496,"A","1","0"
"0","1","0","4","1",50,0.648888888888889,0.386,"B","0","1"
"1","1","1","2","1",52,0.425555555555556,0.657,"+B","0","0"
"1","1","1","2","1",60,0.273333333333333,0.43,"B","0","1"
"0","0","0","4","0",48,0.68,0.56,"B","1","1"
"1","1","1","4","1",59,0.297777777777778,0.547,"B","0","1"
"0","0","0","0","0",52,0.638888888888889,0.51,"+B","1","1"
"1","0","1","2","1",54,0.34,0.416,"+B","0","1"
"1","1","0","1","0",53,0.193333333333333,0.651,"B","1","1"
"1","1","0","1","1",56,0.407777777777778,0.504,"B","0","0"
"1","1","0","4","1",54,0.63,0.587,"+B","0","0"
"1","1","0","1","0",51,0.311111111111111,0.488,"+B","1","1"
"1","1","1","4","1",52,0.695555555555556,0.542,"+B","0","0"
"1","1","0","0","1",54,0.434444444444444,0.513,"B","0","0"
"0","0","0","1","0",55,0.262222222222222,0.639,"+B","1","1"
"1","0","1","2","1",53,0.543333333333333,0.525,"B","0","1"
"1","0","0","3","1",60,0.368888888888889,0.388,"+B","0","1"
"1","1","1","2","1",51,0.524444444444444,0.663,"B","0","0"
"1","1","0","4","1",51,0.557777777777778,0.477,"B","0","1"
"0","1","0","4","0",47,0.714444444444444,0.345,"+B","0","1"
"1","1","1","4","1",54,0.655555555555556,0.704,"A","0","0"
"0","1","1","0","0",53,0.473333333333333,0.517,"+B","0","1"
"1","0","1","2","1",54,0.75,0.706,"+B","0","0"
"0","0","0","1","0",50,0.615555555555556,0.546,"+B","1","1"
"1","1","1","2","1",60,0.296666666666667,0.635,"+B","0","1"
"1","1","1","4","1",54,0.398888888888889,0.358,"B","0","1"
"1","1","0","4","0",48,0.467777777777778,0.179,"B","1","1"
"0","1","0","3","1",61,0.488888888888889,0.362,"+B","0","1"
"0","0","1","4","0",51,0.575555555555556,0.54,"B","1","1"
"1","1","0","4","1",51,0.493333333333333,0.65,"+B","0","0"
"1","1","1","3","1",44,0.491111111111111,0.047,"B","0","1"
"1","1","1","3","1",49,0.716666666666667,0.726,"B","0","0"
"1","0","0","3","1",56,0.336666666666667,0.445,"B","0","1"
"1","0","0","0","0",52,0.544444444444444,0.829,"+B","1","0"
"1","1","1","4","1",52,0.772222222222222,0.547,"+B","0","0"
"0","1","0","0","0",49,0.547777777777778,0.546,"B","1","1"
"1","0","0","1","0",50,0.561111111111111,0.875,"+B","1","0"
"1","1","0","4","0",55,0.753333333333333,0.663,"+B","0","0"
"0","0","0","4","1",57,0.37,0.612,"B","1","1"
"1","0","1","2","1",49,0.317777777777778,0.403,"+B","1","1"
"0","0","1","0","0",56,0.416666666666667,0.666,"B","1","1"
"1","1","0","0","1",59,0.477777777777778,0.742,"+B","0","0"
"1","0","1","0","0",55,0.716666666666667,0.663,"A","1","0"
"1","0","0","2","1",54,0.681111111111111,0.406,"+B","1","0"
"0","0","1","1","1",52,0.453333333333333,0.418,"B","0","0"
"0","0","0","4","1",55,0.45,0.543,"B","0","0"
"0","0","0","1","0",45,0.62,0.47,"B","1","1"
"0","1","1","2","1",53,0.55,0.708,"+B","1","0"
"1","0","0","0","1",57,0.484444444444444,0.723,"+B","1","0"
"0","0","1","3","1",59,0.484444444444444,0.518,"+B","0","0"
"1","0","0","4","0",52,0.518888888888889,0.626,"+B","0","1"
"1","0","0","4","0",52,0.712222222222222,0.549,"+B","1","0"
"1","0","1","4","0",52,0.471111111111111,0.8,"A","1","0"
"1","1","0","3","1",54,0.326666666666667,0.811,"+B","0","0"
"1","1","0","0","0",51,0.788888888888889,0.546,"+B","0","0"
"1","0","1","4","0",49,0.741111111111111,0.771,"A","1","0"
"0","0","1","0","0",43,0.646666666666667,0.611,"+B","1","1"
"0","1","1","4","1",50,0.478888888888889,0.473,"B","0","1"
"0","0","1","0","0",53,0.282222222222222,0.932,"+B","1","1"
"0","1","1","4","1",52,0.502222222222222,0.625,"B","0","0"
"1","1","0","0","0",52,0.723333333333333,0.449,"+B","0","0"
"1","0","1","0","0",53,0.601111111111111,0.738,"A","1","0"
"1","0","1","0","0",50,0.735555555555556,0.601,"A","1","0"
"1","1","0","4","1",49,0.356666666666667,0.324,"B","1","1"
"1","1","1","4","1",54,0.754444444444444,0.5,"B","0","0"
"0","1","0","4","1",52,0.481111111111111,0.762,"B","0","0"
"0","1","0","0","1",53,0.578888888888889,0.348,"+B","0","1"
"1","1","0","4","0",46,0.433333333333333,0.316,"B","1","1"
"1","1","0","2","0",51,0.405555555555556,0.339,"B","1","1"
"1","1","0","2","0",52,0.625555555555556,0.468,"+B","0","1"
"0","1","0","4","1",52,0.585555555555556,0.408,"B","0","1"
"1","1","0","3","1",56,0.488888888888889,0.777,"B","0","0"
"0","0","1","1","0",49,0.633333333333333,0.693,"+B","1","0"
"1","1","1","4","1",53,0.385555555555556,0.652,"+B","0","0"
"0","0","0","4","0",48,0.604444444444444,0.511,"B","1","1"
"1","0","0","3","1",52,0.367777777777778,0.337,"+B","0","1"
"1","0","0","2","1",57,0.453333333333333,0.681,"B","0","1"
"0","1","1","1","0",48,0.537777777777778,0.438,"+B","1","1"
"1","0","0","4","1",50,0.42,0.857,"A","0","0"
"1","0","0","2","1",53,0.28,0.851,"A","1","0"
"1","0","1","2","1",56,0.282222222222222,0.531,"+B","0","1"
"1","1","1","2","1",58,0.386666666666667,0.495,"+B","0","1"
"0","0","1","1","0",50,0.502222222222222,0.542,"+B","1","1"
"1","1","0","3","1",52,0.26,0.363,"B","0","1"
"1","1","0","4","0",50,0.415555555555556,0.367,"B","1","1"
"0","1","1","0","1",59,0.26,0.334,"B","0","1"
"1","1","0","4","1",54,0.474444444444444,0.527,"+B","0","1"
"1","0","0","4","1",50,0.634444444444444,0.512,"+B","1","0"
"1","0","1","2","1",56,0.308888888888889,0.545,"+C","0","1"
"0","1","0","3","1",57,0.574444444444444,0.47,"A","0","0"
"1","0","1","3","0",44,0.464444444444444,0.211,"B","1","1"
"1","0","1","2","1",47,0.327777777777778,0.308,"B","1","1"
"1","1","1","2","1",53,0.433333333333333,0.805,"A","0","0"
"1","1","0","2","0",49,0.491111111111111,0.18,"B","1","1"
"1","0","0","0","0",54,0.176666666666667,0.645,"+A","1","0"
"1","1","0","4","1",52,0.351111111111111,0.491,"+B","0","0"
"1","1","0","4","0",54,0.544444444444444,0.572,"+B","0","1"
"0","1","1","4","0",49,0.634444444444444,0.438,"+B","1","0"
"0","0","0","0","0",46,0.471111111111111,0.672,"B","1","1"
"1","0","0","2","0",47,0.632222222222222,0.604,"B","1","1"
"1","1","1","4","0",52,0.276666666666667,0.683,"A","1","0"
"0","1","1","4","1",53,0.572222222222222,0.344,"+B","0","0"
"1","0","1","4","1",52,0.703333333333333,0.579,"+B","0","0"
"1","0","0","0","1",53,0.633333333333333,0.449,"+B","1","0"
"1","0","0","1","0",48,0.257777777777778,0.528,"B","1","1"
"1","0","1","0","0",49,0.637777777777778,0.572,"+B","1","0"
"0","0","0","0","0",45,0.71,0.837,"+B","1","0"
"1","0","0","0","0",49,0.606666666666667,0.638,"A","1","0"
"0","0","1","4","1",56,0.387777777777778,0.497,"B","0","1"
"1","1","0","2","0",51,0.593333333333333,0.543,"B","0","1"
"1","1","0","2","1",55,0.265555555555556,0.817,"A","0","0"
"1","0","1","2","1",53,0.215555555555556,0.533,"+B","0","1"
"1","1","1","4","0",47,0.221111111111111,0.538,"B","0","1"
"0","0","0","1","0",53,0.34,0.647,"B","1","1"
"1","0","1","0","0",50,0.666666666666667,0.627,"+B","1","0"
"1","1","0","0","0",52,0.548888888888889,0.638,"+B","1","0"
"0","1","0","1","0",53,0.717777777777778,0.382,"A","1","0"
"0","0","0","0","0",55,0.364444444444444,0.655,"+B","1","1"
"1","0","0","4","1",52,0.376666666666667,0.69,"A","1","0"
"0","0","1","0","0",50,0.436666666666667,0.661,"A","1","0"
"1","0","0","2","1",49,0.375555555555556,0.298,"B","1","1"
"1","0","1","4","0",49,0.717777777777778,0.58,"+B","0","0"
"1","0","0","2","1",54,0.403333333333333,0.339,"B","1","1"
"1","1","1","2","1",52,0.383333333333333,0.222,"B","0","1"
"1","1","0","2","1",55,0.521111111111111,0.627,"+B","0","0"
"1","0","1","0","0",54,0.778888888888889,0.544,"A","1","0"
"0","0","0","4","0",51,0.596666666666667,0.625,"+B","1","0"
"1","1","0","2","1",54,0.435555555555556,0.653,"+B","0","0"
"1","1","0","4","1",55,0.571111111111111,0.507,"+B","0","0"
"0","1","1","0","0",53,0.6,0.704,"+B","1","0"
"1","0","1","2","1",59,0.467777777777778,0.667,"+B","1","0"
"0","1","1","0","1",58,0.203333333333333,0.679,"+C","0","0"
"1","0","1","0","1",50,0.285555555555556,0.55,"A","1","0"
"1","1","0","2","1",53,0.236666666666667,0.406,"B","0","1"
"1","1","0","4","1",53,0.732222222222222,0.639,"+B","0","0"
"0","0","1","3","1",54,0.286666666666667,0.387,"+B","0","1"
"0","0","1","1","0",50,0.571111111111111,0.674,"+B","1","1"
"1","0","1","2","0",52,0.413333333333333,0.757,"B","1","1"
"0","0","1","4","0",49,0.685555555555556,0.548,"+B","1","0"
"1","0","1","4","1",49,0.656666666666667,0.516,"+B","0","0"
"0","1","0","0","1",53,0.516666666666667,0.474,"+B","0","1"
"1","0","1","1","0",44,0.754444444444444,0.653,"+B","1","0"
"1","1","0","2","1",65,0.373333333333333,0.457,"+B","0","1"
"0","0","0","2","0",51,0.634444444444444,0.553,"B","1","0"
"0","0","1","0","0",51,0.53,0.558,"+B","1","1"
"1","0","0","4","0",54,0.352222222222222,0.819,"+A","1","0"
"1","1","0","0","0",53,0.426666666666667,0.373,"B","1","1"
"0","1","0","0","0",53,0.488888888888889,0.472,"+B","0","1"
"1","1","0","2","1",54,0.582222222222222,0.518,"B","0","0"
"0","1","0","1","0",54,0.528888888888889,0.593,"A","1","1"
"1","1","1","2","1",53,0.403333333333333,0.351,"+B","0","1"
"0","1","0","2","0",51,0.702222222222222,0.483,"+B","0","0"
"1","0","0","4","1",52,0.573333333333333,0.654,"+B","1","0"
"0","0","1","1","0",53,0.413333333333333,0.466,"B","1","1"
"1","0","1","0","1",52,0.567777777777778,0.392,"B","1","0"
"0","1","1","0","1",55,0.361111111111111,0.372,"+C","0","0"
"0","1","1","0","0",54,0.433333333333333,0.614,"+B","1","1"
"1","0","0","0","1",55,0.45,0.612,"B","0","0"
"0","0","0","0","0",53,0.551111111111111,0.638,"A","1","0"
"1","1","1","4","0",50,0.67,0.587,"+B","1","0"
"0","0","1","3","1",48,0.531111111111111,0.171,"B","1","1"
"0","0","1","4","1",56,0.356666666666667,0.229,"B","0","0"
"1","1","0","2","1",53,0.616666666666667,0.647,"B","0","0"
"0","0","0","4","0",50,0.541111111111111,0.665,"+B","1","1"
"0","1","1","4","0",49,0.667777777777778,0.533,"B","1","1"
"1","0","1","1","0",50,0.435555555555556,0.931,"B","1","0"
"0","0","1","3","1",53,0.334444444444444,0.354,"+B","1","1"
"1","1","1","0","0",49,0.174444444444444,0.531,"B","1","1"
"0","1","0","4","1",53,0.556666666666667,0.334,"B","0","1"
"0","0","0","4","1",54,0.532222222222222,0.698,"+B","1","0"
"1","0","1","0","0",51,0.607777777777778,0.57,"A","1","0"
"0","1","0","4","1",54,0.446666666666667,0.565,"B","0","0"
"1","0","1","1","1",54,0.461111111111111,0.547,"B","1","0"
"1","0","1","0","0",51,0.672222222222222,0.652,"A","1","0"
"1","0","1","3","1",47,0.341111111111111,0.214,"B","1","1"
"1","1","0","3","1",57,0.347777777777778,0.404,"+B","0","1"
"1","0","0","4","0",47,0.46,0.297,"+B","1","1"
"1","0","1","2","0",50,0.387777777777778,0.4,"+B","1","1"
"0","0","1","2","0",45,0.713333333333333,0.563,"+B","1","0"
"1","1","1","2","0",50,0.731111111111111,0.649,"+B","0","1"
"0","1","0","4","0",42,0.725555555555556,0.477,"B","0","1"
"0","0","1","0","0",51,0.501111111111111,0.676,"B","1","1"
"1","1","0","0","1",49,0.703333333333333,0.472,"B","0","0"
"1","1","0","4","1",54,0.576666666666667,0.783,"+B","0","0"
"0","1","0","4","1",53,0.591111111111111,0.505,"+B","1","0"
"1","1","0","2","1",54,0.505555555555556,0.733,"+B","0","0"
"1","1","1","4","1",56,0.471111111111111,0.659,"A","0","0"
"0","0","0","2","0",52,0.358888888888889,0.403,"B","1","1"
"0","1","0","2","1",60,0.452222222222222,0.612,"+B","0","0"
"0","0","0","4","0",52,0.626666666666667,0.618,"+B","1","0"
"1","0","1","0","0",52,0.556666666666667,0.678,"A","1","0"
"0","1","1","0","1",55,0.354444444444444,0.344,"B","0","0"
"0","0","1","3","1",52,0.44,0.16,"B","1","1"
"0","1","0","3","1",59,0.292222222222222,0.362,"B","0","1"
"1","1","1","2","0",49,0.71,0.487,"B","0","1"
"1","0","1","0","0",50,0.515555555555556,0.676,"A","1","0"
"1","1","0","2","1",55,0.464444444444444,0.413,"+B","0","1"
"0","1","0","4","1",56,0.261111111111111,0.674,"A","1","0"
"1","0","1","0","0",45,0.585555555555556,0.51,"+B","1","0"
"1","1","0","0","1",51,0.738888888888889,0.442,"+B","0","0"
"0","0","0","0","0",52,0.568888888888889,0.458,"B","1","1"
"1","1","1","2","1",56,0.481111111111111,0.622,"+B","0","0"
"0","0","0","1","0",49,0.44,0.617,"+B","1","1"
"0","1","0","2","0",47,0.881111111111111,0.209,"+B","1","0"
"1","0","0","3","1",54,0.326666666666667,0.451,"B","0","1"
"1","0","0","0","0",52,0.628888888888889,0.592,"A","1","0"
"0","1","1","0","0",56,0.538888888888889,0.816,"+B","0","0"
"1","0","1","2","1",56,0.528888888888889,0.699,"+B","0","0"
"1","0","1","1","1",57,0.417777777777778,0.655,"+B","0","0"
"1","0","0","4","0",52,0.245555555555556,0.63,"+B","1","1"
"1","1","1","4","1",52,0.587777777777778,0.43,"+B","0","0"
"0","1","0","0","1",55,0.49,0.362,"B","0","0"
"0","0","0","4","1",55,0.361111111111111,0.486,"B","0","1"
"1","0","0","1","0",49,0.482222222222222,0.604,"A","1","0"
"1","0","1","4","0",50,0.55,0.799,"B","1","0"
"1","1","0","3","1",55,0.457777777777778,0.79,"+B","0","0"
"0","0","1","0","0",44,0.582222222222222,0.576,"B","1","1"
"0","1","1","4","1",53,0.496666666666667,0.56,"B","0","0"
"1","1","0","3","1",60,0.536666666666667,0.434,"B","0","1"
"1","1","0","3","1",54,0.611111111111111,0.37,"B","0","1"
"0","1","0","3","0",45,0.707777777777778,0.592,"+B","1","0"
"1","0","0","4","1",53,0.586666666666667,0.421,"+B","1","0"
"1","0","1","4","0",50,0.722222222222222,0.682,"+B","1","0"
"1","1","0","2","0",49,0.641111111111111,0.61,"B","0","1"
"0","0","1","3","1",53,0.34,0.428,"+B","0","1"
"1","0","0","4","1",53,0.632222222222222,0.6,"+B","0","0"
"1","0","0","2","1",53,0.325555555555556,0.409,"B","1","1"
"1","1","1","2","1",58,0.443333333333333,0.288,"B","0","1"
"0","1","1","0","0",50,0.581111111111111,0.654,"B","1","0"
"1","1","0","4","1",54,0.595555555555556,0.576,"+B","1","0"
"1","1","1","2","1",62,0.468888888888889,0.33,"B","0","1"
"0","1","0","0","1",52,0.356666666666667,0.469,"B","0","1"
"1","0","1","4","0",49,0.586666666666667,0.764,"+B","1","0"
"0","0","0","0","0",54,0.43,0.606,"B","0","1"
"1","1","1","4","1",55,0.502222222222222,0.691,"A","0","0"
"1","0","1","4","1",51,0.291111111111111,0.722,"A","1","0"
"1","0","1","3","1",44,0.544444444444444,0.078,"B","1","1"
"0","1","1","4","1",53,0.527777777777778,0.488,"B","0","0"
"1","1","1","4","1",54,0.527777777777778,0.413,"B","0","1"
"0","1","1","3","0",51,0.69,0.719,"+B","1","0"
"1","0","0","3","1",54,0.301111111111111,0.457,"+B","0","1"
"0","0","1","1","0",54,0.302222222222222,0.653,"B","1","1"
"0","0","0","4","0",51,0.43,0.721,"B","1","1"
"1","1","1","2","1",53,0.545555555555556,0.62,"+B","0","0"
"0","0","1","1","0",49,0.434444444444444,0.487,"B","1","1"
"1","0","1","2","1",58,0.294444444444444,0.446,"B","0","1"
"0","1","1","0","1",54,0.356666666666667,0.56,"A","1","0"
"1","0","1","4","1",49,0.173333333333333,0.503,"B","1","1"
"0","0","1","0","1",60,0.372222222222222,0.437,"B","0","1"
"0","1","0","0","0",56,0.48,0.548,"+B","1","1"
"1","1","1","2","1",52,0.39,0.731,"+B","0","0"
"0","1","1","2","0",54,0.554444444444444,0.773,"+B","0","0"
"1","1","0","2","1",54,0.378888888888889,0.284,"B","0","1"
"0","0","1","1","0",45,0.592222222222222,0.441,"B","1","1"
"0","1","1","4","0",45,0.818888888888889,0.617,"A","1","0"
"1","1","1","4","1",55,0.497777777777778,0.763,"A","0","0"
"0","0","0","0","0",52,0.582222222222222,0.555,"+B","1","0"
"1","0","0","4","0",53,0.343333333333333,0.688,"B","1","1"
"0","0","0","1","0",48,0.547777777777778,0.487,"+B","1","1"
"0","1","0","0","1",55,0.441111111111111,0.535,"+B","0","1"
"1","0","0","4","1",53,0.481111111111111,0.666,"+B","0","0"
"0","0","0","4","0",49,0.657777777777778,0.467,"+B","1","0"
"0","1","0","0","0",51,0.647777777777778,0.54,"+B","0","1"
"0","0","1","0","1",49,0.628888888888889,0.331,"B","1","0"
"1","1","1","4","1",52,0.622222222222222,0.64,"+B","0","0"
"0","0","1","0","0",51,0.661111111111111,0.684,"+B","1","1"
"1","0","0","4","1",54,0.602222222222222,0.5,"B","0","0"
"1","1","1","0","1",58,0.315555555555556,0.437,"B","0","1"
"0","1","1","4","1",53,0.357777777777778,0.468,"B","0","1"
"1","0","0","0","0",48,0.458888888888889,0.697,"A","1","0"
"1","1","1","4","1",51,0.863333333333333,0.474,"B","0","0"
"0","1","0","1","0",51,0.838888888888889,0.419,"+B","0","0"
"0","1","1","4","1",60,0.145555555555556,0.567,"+C","0","0"
"1","0","0","0","0",51,0.592222222222222,0.49,"B","1","0"
"0","1","0","4","1",53,0.438888888888889,0.471,"B","0","0"
"1","0","1","2","1",55,0.224444444444444,0.47,"B","1","1"
"1","0","1","4","0",51,0.335555555555556,0.471,"B","1","1"
"0","1","1","0","0",53,0.354444444444444,0.597,"B","0","1"
"0","1","0","3","1",61,0.463333333333333,0.238,"B","0","1"
"1","1","0","0","1",53,0.762222222222222,0.462,"+B","0","0"
"0","1","0","0","0",52,0.517777777777778,0.443,"B","0","1"
"0","0","0","1","0",50,0.512222222222222,0.515,"+B","1","1"
"1","0","1","4","1",53,0.775555555555556,0.71,"+B","0","0"
"0","0","1","2","0",50,0.512222222222222,0.558,"B","1","1"
"0","0","1","4","0",50,0.662222222222222,0.382,"+B","1","0"
"1","1","0","0","0",55,0.662222222222222,0.606,"A","1","0"
"0","1","0","4","1",55,0.547777777777778,0.427,"B","0","0"
"1","0","0","2","1",52,0.403333333333333,0.529,"B","1","1"
"1","1","0","0","1",52,0.374444444444444,0.552,"A","1","0"
"1","0","0","1","0",51,0.557777777777778,0.76,"+B","1","0"
"1","1","1","4","1",55,0.387777777777778,0.686,"+B","0","0"
"1","0","1","4","0",54,0.368888888888889,0.668,"B","1","1"
"1","0","1","3","1",56,0.25,0.478,"B","0","1"
"1","0","0","0","0",57,0.531111111111111,0.79,"+B","1","0"
"1","0","0","2","0",48,0.45,0.165,"B","1","1"
"0","0","0","3","1",51,0.353333333333333,0.24,"B","0","1"
"0","1","0","0","0",55,0.562222222222222,0.704,"A","1","0"
"0","0","0","4","1",56,0.508888888888889,0.648,"+B","0","0"
"1","0","0","0","0",47,0.614444444444444,0.623,"A","1","0"
"1","1","0","2","1",52,0.603333333333333,0.412,"B","0","1"
"1","1","0","4","1",53,0.381111111111111,0.447,"B","0","1"
"1","0","0","4","1",57,0.492222222222222,0.734,"+B","1","0"
"1","0","0","3","1",51,0.551111111111111,0.092,"B","0","1"
"0","1","1","0","1",55,0.451111111111111,0.581,"+B","0","0"
"0","1","0","2","1",56,0.422222222222222,0.547,"B","0","0"
"1","1","0","2","1",55,0.628888888888889,0.433,"B","0","1"
"1","0","1","4","1",56,0.281111111111111,0.722,"B","1","1"
"1","1","1","2","1",51,0.405555555555556,0.235,"B","0","1"
"1","0","0","0","0",52,0.258888888888889,0.7,"+A","1","0"
"0","0","1","4","0",50,0.492222222222222,0.719,"B","1","0"
"0","1","1","0","1",54,0.417777777777778,0.267,"B","0","0"
"1","1","0","2","0",54,0.282222222222222,0.573,"+B","1","1"
"1","1","1","4","1",54,0.228888888888889,0.507,"B","0","1"
"1","0","0","3","1",54,0.322222222222222,0.441,"B","0","1"
"1","0","0","0","1",60,0.183333333333333,0.641,"+B","1","1"
"1","1","1","4","1",52,0.268888888888889,0.545,"+B","0","1"
"1","0","0","4","1",52,0.111111111111111,0.6,"B","1","1"
"0","1","0","4","0",52,0.461111111111111,0.78,"B","0","0"
"0","0","1","0","0",50,0.378888888888889,0.564,"B","1","1"
"1","0","1","2","1",52,0.162222222222222,0.494,"B","0","1"
"1","1","1","2","1",55,0.447777777777778,0.78,"+B","0","0"
"0","0","0","0","0",55,0.423333333333333,0.684,"A","1","0"
"0","1","0","1","0",49,0.341111111111111,0.427,"B","1","1"
"1","1","0","2","1",55,0.515555555555556,0.371,"B","0","1"
"1","1","1","0","1",52,0.484444444444444,0.55,"+B","1","0"
"0","0","0","4","0",51,0.406666666666667,0.634,"B","1","1"
"1","0","1","4","0",45,0.232222222222222,0.495,"B","1","1"
"0","1","0","3","1",56,0.528888888888889,0.65,"+B","0","0"
"1","1","1","4","1",57,0.618888888888889,0.4,"+B","0","1"
"0","1","0","4","0",50,0.522222222222222,0.588,"B","0","1"
"1","0","1","0","0",50,0.676666666666667,0.601,"+B","1","0"
"0","1","1","0","1",52,0.353333333333333,0.746,"+C","0","0"
"0","0","1","1","0",51,0.625555555555556,0.425,"A","1","0"
"1","0","0","0","1",53,0.546666666666667,0.437,"+B","1","0"
"1","0","0","4","0",55,0.806666666666667,0.711,"+B","1","0"
"0","1","1","4","1",57,0.395555555555556,0.659,"B","0","0"
"1","0","0","0","1",51,0.457777777777778,0.44,"A","0","0"
"1","0","0","2","1",53,0,0.871,"A","0","0"
"1","0","0","4","1",53,0.522222222222222,0.781,"+B","1","0"
"0","0","0","0","0",47,0.457777777777778,0.62,"B","1","1"
"1","0","0","4","1",56,0.316666666666667,0.409,"B","1","1"
"1","1","1","4","1",51,0.615555555555556,0.444,"+B","0","0"
"1","1","1","2","1",57,0.427777777777778,0.738,"+B","0","0"
"1","1","1","2","0",52,0.456666666666667,0.348,"B","1","1"
"1","0","0","1","1",52,0.464444444444444,0.584,"B","1","0"
"1","1","0","4","1",51,0.501111111111111,0.568,"+B","0","1"
"0","1","1","4","0",49,0.596666666666667,0.507,"+B","1","0"
"0","0","0","0","0",48,0.655555555555556,0.396,"+B","1","1"
"1","1","0","3","1",57,0.385555555555556,0.372,"+B","0","1"
"0","1","1","2","0",53,0.605555555555556,0.707,"+B","1","0"
"1","1","1","2","1",61,0.297777777777778,0.409,"B","0","1"
"0","0","0","1","0",47,0.41,0.736,"+B","1","1"
"1","1","1","2","1",54,0.718888888888889,0.586,"+B","0","0"
"0","0","0","4","0",49,0.555555555555556,0.519,"B","1","1"
"1","1","1","2","1",54,0.611111111111111,0.797,"+B","0","0"
"1","0","1","4","0",51,0.656666666666667,0.542,"+B","1","0"
"1","0","1","2","1",53,0.307777777777778,0.451,"+B","1","1"
"1","0","0","4","0",53,0.444444444444444,0.308,"B","1","1"
"1","0","1","2","1",52,0.252222222222222,0.45,"+B","0","1"
"0","1","1","4","0",49,0.713333333333333,0.436,"+B","1","0"
"1","0","1","2","0",51,0.72,0.643,"+B","1","0"
"0","1","0","2","1",49,0.505555555555556,0.552,"+C","0","0"
"1","0","0","0","0",53,0.537777777777778,0.858,"+B","1","0"
"1","0","0","3","1",50,0.215555555555556,0.491,"+B","1","1"
